customer_id,first_name,last_name,email,age,city,signup_date,is_active
1,Name0,Surname0,user0@example.com,56,Brampton,2021-01-01,True
2,Name1,Surname1,user1@example.com,69,Brampton,2021-01-02,False
3,Name2,Surname2,user2@example.com,46,Brampton,2021-01-03,False
4,Name3,Surname3,user3@example.com,32,Scarborough,2021-01-04,True
5,Name4,Surname4,user4@example.com,60,Toronto,2021-01-05,False
6,Name5,Surname5,user5@example.com,25,Brampton,2021-01-06,False
7,Name6,Surname6,user6@example.com,38,Toronto,2021-01-07,True
8,Name7,Surname7,user7@example.com,56,Scarborough,2021-01-08,True
9,Name8,Surname8,user8@example.com,36,Mississauga,2021-01-09,False
10,Name9,Surname9,user9@example.com,40,Brampton,2021-01-10,True
11,Name10,Surname10,user10@example.com,28,Toronto,2021-01-11,False
12,Name11,Surname11,user11@example.com,28,Toronto,2021-01-12,False
13,Name12,Surname12,user12@example.com,41,Brampton,2021-01-13,False
14,Name13,Surname13,user13@example.com,53,Mississauga,2021-01-14,False
15,Name14,Surname14,user14@example.com,57,Mississauga,2021-01-15,True
16,Name15,Surname15,user15@example.com,41,Mississauga,2021-01-16,True
17,Name16,Surname16,user16@example.com,20,Scarborough,2021-01-17,True
18,Name17,Surname17,user17@example.com,39,Toronto,2021-01-18,True
19,Name18,Surname18,user18@example.com,19,Toronto,2021-01-19,False
20,Name19,Surname19,user19@example.com,41,Toronto,2021-01-20,False
21,Name20,Surname20,user20@example.com,61,Scarborough,2021-01-21,True
22,Name21,Surname21,user21@example.com,47,Toronto,2021-01-22,False
23,Name22,Surname22,user22@example.com,55,Scarborough,2021-01-23,False
24,Name23,Surname23,user23@example.com,19,Mississauga,2021-01-24,False
25,Name24,Surname24,user24@example.com,38,Brampton,2021-01-25,True
26,Name25,Surname25,user25@example.com,50,Toronto,2021-01-26,True
27,Name26,Surname26,user26@example.com,29,Toronto,2021-01-27,True
28,Name27,Surname27,user27@example.com,39,Mississauga,2021-01-28,False
29,Name28,Surname28,user28@example.com,61,Brampton,2021-01-29,True
30,Name29,Surname29,user29@example.com,42,Scarborough,2021-01-30,True
31,Name30,Surname30,user30@example.com,66,Brampton,2021-01-31,True
32,Name31,Surname31,user31@example.com,44,Mississauga,2021-02-01,True
33,Name32,Surname32,user32@example.com,59,Mississauga,2021-02-02,True
34,Name33,Surname33,user33@example.com,45,Brampton,2021-02-03,True
35,Name34,Surname34,user34@example.com,33,Scarborough,2021-02-04,False
36,Name35,Surname35,user35@example.com,32,Scarborough,2021-02-05,False
37,Name36,Surname36,user36@example.com,64,Toronto,2021-02-06,True
38,Name37,Surname37,user37@example.com,68,Scarborough,2021-02-07,True
39,Name38,Surname38,user38@example.com,61,Brampton,2021-02-08,False
40,Name39,Surname39,user39@example.com,69,Mississauga,2021-02-09,False
41,Name40,Surname40,user40@example.com,20,Toronto,2021-02-10,True
42,Name41,Surname41,user41@example.com,54,Toronto,2021-02-11,True
43,Name42,Surname42,user42@example.com,68,Mississauga,2021-02-12,True
44,Name43,Surname43,user43@example.com,24,Scarborough,2021-02-13,True
45,Name44,Surname44,user44@example.com,38,Mississauga,2021-02-14,False
46,Name45,Surname45,user45@example.com,26,Scarborough,2021-02-15,True
47,Name46,Surname46,user46@example.com,56,Mississauga,2021-02-16,True
48,Name47,Surname47,user47@example.com,35,Brampton,2021-02-17,True
49,Name48,Surname48,user48@example.com,21,Scarborough,2021-02-18,True
50,Name49,Surname49,user49@example.com,42,Brampton,2021-02-19,False
51,Name50,Surname50,user50@example.com,31,Toronto,2021-02-20,False
52,Name51,Surname51,user51@example.com,67,Mississauga,2021-02-21,False
53,Name52,Surname52,user52@example.com,26,Toronto,2021-02-22,True
54,Name53,Surname53,user53@example.com,43,Toronto,2021-02-23,True
55,Name54,Surname54,user54@example.com,19,Toronto,2021-02-24,False
56,Name55,Surname55,user55@example.com,37,Toronto,2021-02-25,True
57,Name56,Surname56,user56@example.com,45,Mississauga,2021-02-26,True
58,Name57,Surname57,user57@example.com,64,Toronto,2021-02-27,False
59,Name58,Surname58,user58@example.com,24,Mississauga,2021-02-28,False
60,Name59,Surname59,user59@example.com,61,Mississauga,2021-03-01,False
61,Name60,Surname60,user60@example.com,25,Brampton,2021-03-02,False
62,Name61,Surname61,user61@example.com,64,Scarborough,2021-03-03,True
63,Name62,Surname62,user62@example.com,52,Scarborough,2021-03-04,True
64,Name63,Surname63,user63@example.com,31,Mississauga,2021-03-05,False
65,Name64,Surname64,user64@example.com,34,Brampton,2021-03-06,True
66,Name65,Surname65,user65@example.com,53,Mississauga,2021-03-07,False
67,Name66,Surname66,user66@example.com,67,Mississauga,2021-03-08,False
68,Name67,Surname67,user67@example.com,57,Mississauga,2021-03-09,True
69,Name68,Surname68,user68@example.com,21,Brampton,2021-03-10,False
70,Name69,Surname69,user69@example.com,19,Scarborough,2021-03-11,True
71,Name70,Surname70,user70@example.com,23,Brampton,2021-03-12,True
72,Name71,Surname71,user71@example.com,59,Toronto,2021-03-13,True
73,Name72,Surname72,user72@example.com,21,Brampton,2021-03-14,True
74,Name73,Surname73,user73@example.com,46,Brampton,2021-03-15,False
75,Name74,Surname74,user74@example.com,35,Brampton,2021-03-16,True
76,Name75,Surname75,user75@example.com,43,Brampton,2021-03-17,False
77,Name76,Surname76,user76@example.com,61,Scarborough,2021-03-18,False
78,Name77,Surname77,user77@example.com,51,Toronto,2021-03-19,False
79,Name78,Surname78,user78@example.com,27,Scarborough,2021-03-20,False
80,Name79,Surname79,user79@example.com,53,Scarborough,2021-03-21,True
81,Name80,Surname80,user80@example.com,31,Brampton,2021-03-22,True
82,Name81,Surname81,user81@example.com,48,Mississauga,2021-03-23,False
83,Name82,Surname82,user82@example.com,65,Mississauga,2021-03-24,False
84,Name83,Surname83,user83@example.com,32,Scarborough,2021-03-25,True
85,Name84,Surname84,user84@example.com,25,Scarborough,2021-03-26,False
86,Name85,Surname85,user85@example.com,31,Brampton,2021-03-27,True
87,Name86,Surname86,user86@example.com,40,Scarborough,2021-03-28,False
88,Name87,Surname87,user87@example.com,57,Brampton,2021-03-29,True
89,Name88,Surname88,user88@example.com,38,Mississauga,2021-03-30,False
90,Name89,Surname89,user89@example.com,33,Mississauga,2021-03-31,False
91,Name90,Surname90,user90@example.com,62,Toronto,2021-04-01,True
92,Name91,Surname91,user91@example.com,35,Mississauga,2021-04-02,False
93,Name92,Surname92,user92@example.com,64,Scarborough,2021-04-03,False
94,Name93,Surname93,user93@example.com,41,Mississauga,2021-04-04,True
95,Name94,Surname94,user94@example.com,43,Brampton,2021-04-05,False
96,Name95,Surname95,user95@example.com,42,Mississauga,2021-04-06,True
97,Name96,Surname96,user96@example.com,62,Toronto,2021-04-07,True
98,Name97,Surname97,user97@example.com,58,Mississauga,2021-04-08,False
99,Name98,Surname98,user98@example.com,46,Brampton,2021-04-09,False
100,Name99,Surname99,user99@example.com,32,Brampton,2021-04-10,False
101,Name100,Surname100,user100@example.com,62,Scarborough,2021-04-11,False
102,Name101,Surname101,user101@example.com,18,Mississauga,2021-04-12,False
103,Name102,Surname102,user102@example.com,42,Brampton,2021-04-13,False
104,Name103,Surname103,user103@example.com,24,Toronto,2021-04-14,False
105,Name104,Surname104,user104@example.com,26,Scarborough,2021-04-15,True
106,Name105,Surname105,user105@example.com,41,Toronto,2021-04-16,False
107,Name106,Surname106,user106@example.com,18,Mississauga,2021-04-17,True
108,Name107,Surname107,user107@example.com,61,Mississauga,2021-04-18,False
109,Name108,Surname108,user108@example.com,25,Mississauga,2021-04-19,False
110,Name109,Surname109,user109@example.com,41,Scarborough,2021-04-20,True
111,Name110,Surname110,user110@example.com,28,Brampton,2021-04-21,False
112,Name111,Surname111,user111@example.com,68,Scarborough,2021-04-22,False
113,Name112,Surname112,user112@example.com,34,Toronto,2021-04-23,True
114,Name113,Surname113,user113@example.com,25,Scarborough,2021-04-24,False
115,Name114,Surname114,user114@example.com,52,Toronto,2021-04-25,False
116,Name115,Surname115,user115@example.com,52,Scarborough,2021-04-26,False
117,Name116,Surname116,user116@example.com,50,Brampton,2021-04-27,True
118,Name117,Surname117,user117@example.com,22,Toronto,2021-04-28,False
119,Name118,Surname118,user118@example.com,59,Mississauga,2021-04-29,False
120,Name119,Surname119,user119@example.com,56,Mississauga,2021-04-30,False
121,Name120,Surname120,user120@example.com,58,Scarborough,2021-05-01,False
122,Name121,Surname121,user121@example.com,45,Mississauga,2021-05-02,True
123,Name122,Surname122,user122@example.com,24,Toronto,2021-05-03,True
124,Name123,Surname123,user123@example.com,26,Mississauga,2021-05-04,False
125,Name124,Surname124,user124@example.com,25,Brampton,2021-05-05,False
126,Name125,Surname125,user125@example.com,29,Brampton,2021-05-06,True
127,Name126,Surname126,user126@example.com,51,Scarborough,2021-05-07,True
128,Name127,Surname127,user127@example.com,50,Toronto,2021-05-08,False
129,Name128,Surname128,user128@example.com,65,Brampton,2021-05-09,True
130,Name129,Surname129,user129@example.com,40,Brampton,2021-05-10,False
131,Name130,Surname130,user130@example.com,41,Toronto,2021-05-11,True
132,Name131,Surname131,user131@example.com,54,Mississauga,2021-05-12,True
133,Name132,Surname132,user132@example.com,52,Mississauga,2021-05-13,True
134,Name133,Surname133,user133@example.com,61,Scarborough,2021-05-14,True
135,Name134,Surname134,user134@example.com,57,Mississauga,2021-05-15,False
136,Name135,Surname135,user135@example.com,39,Toronto,2021-05-16,True
137,Name136,Surname136,user136@example.com,44,Brampton,2021-05-17,True
138,Name137,Surname137,user137@example.com,52,Mississauga,2021-05-18,False
139,Name138,Surname138,user138@example.com,18,Scarborough,2021-05-19,True
140,Name139,Surname139,user139@example.com,52,Mississauga,2021-05-20,True
141,Name140,Surname140,user140@example.com,54,Toronto,2021-05-21,False
142,Name141,Surname141,user141@example.com,64,Scarborough,2021-05-22,True
143,Name142,Surname142,user142@example.com,31,Mississauga,2021-05-23,False
144,Name143,Surname143,user143@example.com,20,Scarborough,2021-05-24,False
145,Name144,Surname144,user144@example.com,18,Toronto,2021-05-25,False
146,Name145,Surname145,user145@example.com,22,Brampton,2021-05-26,False
147,Name146,Surname146,user146@example.com,43,Toronto,2021-05-27,True
148,Name147,Surname147,user147@example.com,31,Toronto,2021-05-28,False
149,Name148,Surname148,user148@example.com,56,Toronto,2021-05-29,True
150,Name149,Surname149,user149@example.com,44,Toronto,2021-05-30,True
151,Name150,Surname150,user150@example.com,26,Brampton,2021-05-31,True
152,Name151,Surname151,user151@example.com,32,Brampton,2021-06-01,True
153,Name152,Surname152,user152@example.com,32,Scarborough,2021-06-02,True
154,Name153,Surname153,user153@example.com,43,Mississauga,2021-06-03,True
155,Name154,Surname154,user154@example.com,59,Brampton,2021-06-04,True
156,Name155,Surname155,user155@example.com,30,Brampton,2021-06-05,True
157,Name156,Surname156,user156@example.com,68,Mississauga,2021-06-06,True
158,Name157,Surname157,user157@example.com,49,Brampton,2021-06-07,True
159,Name158,Surname158,user158@example.com,56,Toronto,2021-06-08,False
160,Name159,Surname159,user159@example.com,66,Toronto,2021-06-09,False
161,Name160,Surname160,user160@example.com,69,Mississauga,2021-06-10,False
162,Name161,Surname161,user161@example.com,49,Scarborough,2021-06-11,True
163,Name162,Surname162,user162@example.com,21,Scarborough,2021-06-12,False
164,Name163,Surname163,user163@example.com,47,Mississauga,2021-06-13,False
165,Name164,Surname164,user164@example.com,54,Mississauga,2021-06-14,False
166,Name165,Surname165,user165@example.com,40,Toronto,2021-06-15,True
167,Name166,Surname166,user166@example.com,56,Scarborough,2021-06-16,True
168,Name167,Surname167,user167@example.com,62,Brampton,2021-06-17,True
169,Name168,Surname168,user168@example.com,32,Toronto,2021-06-18,True
170,Name169,Surname169,user169@example.com,60,Mississauga,2021-06-19,False
171,Name170,Surname170,user170@example.com,46,Scarborough,2021-06-20,False
172,Name171,Surname171,user171@example.com,53,Brampton,2021-06-21,False
173,Name172,Surname172,user172@example.com,30,Brampton,2021-06-22,False
174,Name173,Surname173,user173@example.com,49,Toronto,2021-06-23,True
175,Name174,Surname174,user174@example.com,24,Scarborough,2021-06-24,True
176,Name175,Surname175,user175@example.com,68,Scarborough,2021-06-25,True
177,Name176,Surname176,user176@example.com,39,Mississauga,2021-06-26,False
178,Name177,Surname177,user177@example.com,45,Scarborough,2021-06-27,True
179,Name178,Surname178,user178@example.com,19,Scarborough,2021-06-28,True
180,Name179,Surname179,user179@example.com,59,Toronto,2021-06-29,False
181,Name180,Surname180,user180@example.com,62,Scarborough,2021-06-30,False
182,Name181,Surname181,user181@example.com,23,Brampton,2021-07-01,True
183,Name182,Surname182,user182@example.com,45,Toronto,2021-07-02,True
184,Name183,Surname183,user183@example.com,45,Toronto,2021-07-03,True
185,Name184,Surname184,user184@example.com,61,Mississauga,2021-07-04,True
186,Name185,Surname185,user185@example.com,61,Scarborough,2021-07-05,True
187,Name186,Surname186,user186@example.com,37,Mississauga,2021-07-06,True
188,Name187,Surname187,user187@example.com,47,Brampton,2021-07-07,False
189,Name188,Surname188,user188@example.com,28,Toronto,2021-07-08,False
190,Name189,Surname189,user189@example.com,45,Toronto,2021-07-09,False
191,Name190,Surname190,user190@example.com,42,Toronto,2021-07-10,True
192,Name191,Surname191,user191@example.com,56,Brampton,2021-07-11,False
193,Name192,Surname192,user192@example.com,50,Brampton,2021-07-12,True
194,Name193,Surname193,user193@example.com,18,Mississauga,2021-07-13,True
195,Name194,Surname194,user194@example.com,44,Mississauga,2021-07-14,False
196,Name195,Surname195,user195@example.com,69,Mississauga,2021-07-15,True
197,Name196,Surname196,user196@example.com,30,Scarborough,2021-07-16,True
198,Name197,Surname197,user197@example.com,58,Toronto,2021-07-17,False
199,Name198,Surname198,user198@example.com,20,Toronto,2021-07-18,False
200,Name199,Surname199,user199@example.com,56,Mississauga,2021-07-19,False
201,Name200,Surname200,user200@example.com,23,Toronto,2021-07-20,True
202,Name201,Surname201,user201@example.com,25,Mississauga,2021-07-21,False
203,Name202,Surname202,user202@example.com,44,Scarborough,2021-07-22,False
204,Name203,Surname203,user203@example.com,26,Scarborough,2021-07-23,True
205,Name204,Surname204,user204@example.com,54,Brampton,2021-07-24,False
206,Name205,Surname205,user205@example.com,50,Scarborough,2021-07-25,False
207,Name206,Surname206,user206@example.com,68,Mississauga,2021-07-26,False
208,Name207,Surname207,user207@example.com,59,Scarborough,2021-07-27,True
209,Name208,Surname208,user208@example.com,61,Brampton,2021-07-28,True
210,Name209,Surname209,user209@example.com,41,Toronto,2021-07-29,True
211,Name210,Surname210,user210@example.com,32,Mississauga,2021-07-30,True
212,Name211,Surname211,user211@example.com,49,Toronto,2021-07-31,False
213,Name212,Surname212,user212@example.com,49,Brampton,2021-08-01,True
214,Name213,Surname213,user213@example.com,41,Brampton,2021-08-02,True
215,Name214,Surname214,user214@example.com,58,Brampton,2021-08-03,False
216,Name215,Surname215,user215@example.com,69,Toronto,2021-08-04,False
217,Name216,Surname216,user216@example.com,66,Toronto,2021-08-05,False
218,Name217,Surname217,user217@example.com,66,Toronto,2021-08-06,True
219,Name218,Surname218,user218@example.com,69,Toronto,2021-08-07,True
220,Name219,Surname219,user219@example.com,29,Brampton,2021-08-08,True
221,Name220,Surname220,user220@example.com,56,Brampton,2021-08-09,False
222,Name221,Surname221,user221@example.com,19,Mississauga,2021-08-10,False
223,Name222,Surname222,user222@example.com,20,Mississauga,2021-08-11,True
224,Name223,Surname223,user223@example.com,66,Toronto,2021-08-12,False
225,Name224,Surname224,user224@example.com,54,Scarborough,2021-08-13,False
226,Name225,Surname225,user225@example.com,66,Scarborough,2021-08-14,False
227,Name226,Surname226,user226@example.com,34,Brampton,2021-08-15,True
228,Name227,Surname227,user227@example.com,66,Brampton,2021-08-16,False
229,Name228,Surname228,user228@example.com,19,Brampton,2021-08-17,False
230,Name229,Surname229,user229@example.com,19,Mississauga,2021-08-18,True
231,Name230,Surname230,user230@example.com,45,Mississauga,2021-08-19,True
232,Name231,Surname231,user231@example.com,40,Brampton,2021-08-20,False
233,Name232,Surname232,user232@example.com,54,Brampton,2021-08-21,False
234,Name233,Surname233,user233@example.com,49,Brampton,2021-08-22,True
235,Name234,Surname234,user234@example.com,50,Scarborough,2021-08-23,True
236,Name235,Surname235,user235@example.com,18,Mississauga,2021-08-24,False
237,Name236,Surname236,user236@example.com,36,Scarborough,2021-08-25,False
238,Name237,Surname237,user237@example.com,19,Scarborough,2021-08-26,False
239,Name238,Surname238,user238@example.com,61,Brampton,2021-08-27,False
240,Name239,Surname239,user239@example.com,43,Brampton,2021-08-28,True
241,Name240,Surname240,user240@example.com,49,Toronto,2021-08-29,False
242,Name241,Surname241,user241@example.com,23,Toronto,2021-08-30,False
243,Name242,Surname242,user242@example.com,49,Scarborough,2021-08-31,True
244,Name243,Surname243,user243@example.com,21,Mississauga,2021-09-01,False
245,Name244,Surname244,user244@example.com,28,Brampton,2021-09-02,True
246,Name245,Surname245,user245@example.com,34,Brampton,2021-09-03,False
247,Name246,Surname246,user246@example.com,55,Scarborough,2021-09-04,False
248,Name247,Surname247,user247@example.com,41,Toronto,2021-09-05,True
249,Name248,Surname248,user248@example.com,22,Mississauga,2021-09-06,True
250,Name249,Surname249,user249@example.com,69,Toronto,2021-09-07,False
251,Name250,Surname250,user250@example.com,51,Toronto,2021-09-08,False
252,Name251,Surname251,user251@example.com,23,Toronto,2021-09-09,False
253,Name252,Surname252,user252@example.com,39,Toronto,2021-09-10,True
254,Name253,Surname253,user253@example.com,28,Brampton,2021-09-11,False
255,Name254,Surname254,user254@example.com,65,Brampton,2021-09-12,True
256,Name255,Surname255,user255@example.com,33,Toronto,2021-09-13,True
257,Name256,Surname256,user256@example.com,50,Mississauga,2021-09-14,False
258,Name257,Surname257,user257@example.com,26,Scarborough,2021-09-15,True
259,Name258,Surname258,user258@example.com,23,Mississauga,2021-09-16,False
260,Name259,Surname259,user259@example.com,33,Mississauga,2021-09-17,False
261,Name260,Surname260,user260@example.com,46,Mississauga,2021-09-18,False
262,Name261,Surname261,user261@example.com,20,Toronto,2021-09-19,False
263,Name262,Surname262,user262@example.com,37,Brampton,2021-09-20,False
264,Name263,Surname263,user263@example.com,53,Mississauga,2021-09-21,True
265,Name264,Surname264,user264@example.com,36,Toronto,2021-09-22,True
266,Name265,Surname265,user265@example.com,43,Mississauga,2021-09-23,False
267,Name266,Surname266,user266@example.com,20,Mississauga,2021-09-24,False
268,Name267,Surname267,user267@example.com,36,Toronto,2021-09-25,True
269,Name268,Surname268,user268@example.com,37,Brampton,2021-09-26,True
270,Name269,Surname269,user269@example.com,49,Brampton,2021-09-27,True
271,Name270,Surname270,user270@example.com,24,Scarborough,2021-09-28,True
272,Name271,Surname271,user271@example.com,69,Toronto,2021-09-29,False
273,Name272,Surname272,user272@example.com,58,Scarborough,2021-09-30,False
274,Name273,Surname273,user273@example.com,50,Scarborough,2021-10-01,True
275,Name274,Surname274,user274@example.com,57,Scarborough,2021-10-02,False
276,Name275,Surname275,user275@example.com,56,Brampton,2021-10-03,True
277,Name276,Surname276,user276@example.com,35,Toronto,2021-10-04,False
278,Name277,Surname277,user277@example.com,57,Scarborough,2021-10-05,True
279,Name278,Surname278,user278@example.com,18,Toronto,2021-10-06,False
280,Name279,Surname279,user279@example.com,28,Toronto,2021-10-07,True
281,Name280,Surname280,user280@example.com,45,Brampton,2021-10-08,True
282,Name281,Surname281,user281@example.com,42,Scarborough,2021-10-09,False
283,Name282,Surname282,user282@example.com,67,Scarborough,2021-10-10,True
284,Name283,Surname283,user283@example.com,40,Toronto,2021-10-11,False
285,Name284,Surname284,user284@example.com,48,Mississauga,2021-10-12,False
286,Name285,Surname285,user285@example.com,47,Brampton,2021-10-13,True
287,Name286,Surname286,user286@example.com,59,Brampton,2021-10-14,False
288,Name287,Surname287,user287@example.com,52,Brampton,2021-10-15,False
289,Name288,Surname288,user288@example.com,24,Brampton,2021-10-16,False
290,Name289,Surname289,user289@example.com,33,Scarborough,2021-10-17,False
291,Name290,Surname290,user290@example.com,43,Scarborough,2021-10-18,False
292,Name291,Surname291,user291@example.com,65,Mississauga,2021-10-19,True
293,Name292,Surname292,user292@example.com,69,Brampton,2021-10-20,False
294,Name293,Surname293,user293@example.com,66,Brampton,2021-10-21,False
295,Name294,Surname294,user294@example.com,19,Toronto,2021-10-22,False
296,Name295,Surname295,user295@example.com,18,Scarborough,2021-10-23,False
297,Name296,Surname296,user296@example.com,65,Brampton,2021-10-24,False
298,Name297,Surname297,user297@example.com,29,Mississauga,2021-10-25,True
299,Name298,Surname298,user298@example.com,22,Mississauga,2021-10-26,False
300,Name299,Surname299,user299@example.com,54,Scarborough,2021-10-27,True
301,Name300,Surname300,user300@example.com,49,Mississauga,2021-10-28,True
302,Name301,Surname301,user301@example.com,26,Mississauga,2021-10-29,True
303,Name302,Surname302,user302@example.com,58,Scarborough,2021-10-30,True
304,Name303,Surname303,user303@example.com,52,Brampton,2021-10-31,False
305,Name304,Surname304,user304@example.com,36,Brampton,2021-11-01,True
306,Name305,Surname305,user305@example.com,65,Mississauga,2021-11-02,True
307,Name306,Surname306,user306@example.com,33,Mississauga,2021-11-03,False
308,Name307,Surname307,user307@example.com,20,Brampton,2021-11-04,False
309,Name308,Surname308,user308@example.com,37,Scarborough,2021-11-05,False
310,Name309,Surname309,user309@example.com,41,Mississauga,2021-11-06,True
311,Name310,Surname310,user310@example.com,50,Toronto,2021-11-07,False
312,Name311,Surname311,user311@example.com,41,Scarborough,2021-11-08,False
313,Name312,Surname312,user312@example.com,69,Mississauga,2021-11-09,True
314,Name313,Surname313,user313@example.com,28,Mississauga,2021-11-10,False
315,Name314,Surname314,user314@example.com,66,Toronto,2021-11-11,False
316,Name315,Surname315,user315@example.com,25,Toronto,2021-11-12,False
317,Name316,Surname316,user316@example.com,53,Brampton,2021-11-13,False
318,Name317,Surname317,user317@example.com,55,Scarborough,2021-11-14,True
319,Name318,Surname318,user318@example.com,57,Scarborough,2021-11-15,False
320,Name319,Surname319,user319@example.com,37,Brampton,2021-11-16,False
321,Name320,Surname320,user320@example.com,52,Scarborough,2021-11-17,True
322,Name321,Surname321,user321@example.com,65,Scarborough,2021-11-18,False
323,Name322,Surname322,user322@example.com,42,Scarborough,2021-11-19,True
324,Name323,Surname323,user323@example.com,52,Scarborough,2021-11-20,False
325,Name324,Surname324,user324@example.com,42,Scarborough,2021-11-21,True
326,Name325,Surname325,user325@example.com,46,Toronto,2021-11-22,True
327,Name326,Surname326,user326@example.com,35,Scarborough,2021-11-23,True
328,Name327,Surname327,user327@example.com,63,Toronto,2021-11-24,True
329,Name328,Surname328,user328@example.com,35,Scarborough,2021-11-25,False
330,Name329,Surname329,user329@example.com,19,Brampton,2021-11-26,True
331,Name330,Surname330,user330@example.com,52,Mississauga,2021-11-27,False
332,Name331,Surname331,user331@example.com,33,Toronto,2021-11-28,True
333,Name332,Surname332,user332@example.com,58,Scarborough,2021-11-29,True
334,Name333,Surname333,user333@example.com,53,Brampton,2021-11-30,True
335,Name334,Surname334,user334@example.com,50,Mississauga,2021-12-01,False
336,Name335,Surname335,user335@example.com,21,Toronto,2021-12-02,True
337,Name336,Surname336,user336@example.com,50,Mississauga,2021-12-03,False
338,Name337,Surname337,user337@example.com,31,Brampton,2021-12-04,False
339,Name338,Surname338,user338@example.com,38,Toronto,2021-12-05,False
340,Name339,Surname339,user339@example.com,65,Mississauga,2021-12-06,False
341,Name340,Surname340,user340@example.com,37,Scarborough,2021-12-07,False
342,Name341,Surname341,user341@example.com,25,Toronto,2021-12-08,False
343,Name342,Surname342,user342@example.com,24,Mississauga,2021-12-09,False
344,Name343,Surname343,user343@example.com,20,Brampton,2021-12-10,False
345,Name344,Surname344,user344@example.com,34,Brampton,2021-12-11,False
346,Name345,Surname345,user345@example.com,50,Toronto,2021-12-12,True
347,Name346,Surname346,user346@example.com,65,Mississauga,2021-12-13,True
348,Name347,Surname347,user347@example.com,29,Toronto,2021-12-14,True
349,Name348,Surname348,user348@example.com,68,Toronto,2021-12-15,True
350,Name349,Surname349,user349@example.com,39,Mississauga,2021-12-16,True
351,Name350,Surname350,user350@example.com,39,Mississauga,2021-12-17,False
352,Name351,Surname351,user351@example.com,63,Scarborough,2021-12-18,False
353,Name352,Surname352,user352@example.com,47,Mississauga,2021-12-19,False
354,Name353,Surname353,user353@example.com,55,Brampton,2021-12-20,False
355,Name354,Surname354,user354@example.com,55,Toronto,2021-12-21,False
356,Name355,Surname355,user355@example.com,62,Toronto,2021-12-22,False
357,Name356,Surname356,user356@example.com,68,Brampton,2021-12-23,False
358,Name357,Surname357,user357@example.com,25,Mississauga,2021-12-24,True
359,Name358,Surname358,user358@example.com,44,Brampton,2021-12-25,True
360,Name359,Surname359,user359@example.com,44,Brampton,2021-12-26,True
361,Name360,Surname360,user360@example.com,51,Scarborough,2021-12-27,True
362,Name361,Surname361,user361@example.com,38,Brampton,2021-12-28,False
363,Name362,Surname362,user362@example.com,47,Toronto,2021-12-29,False
364,Name363,Surname363,user363@example.com,50,Brampton,2021-12-30,False
365,Name364,Surname364,user364@example.com,45,Toronto,2021-12-31,True
366,Name365,Surname365,user365@example.com,64,Toronto,2022-01-01,False
367,Name366,Surname366,user366@example.com,50,Toronto,2022-01-02,False
368,Name367,Surname367,user367@example.com,22,Mississauga,2022-01-03,False
369,Name368,Surname368,user368@example.com,65,Scarborough,2022-01-04,True
370,Name369,Surname369,user369@example.com,36,Toronto,2022-01-05,False
371,Name370,Surname370,user370@example.com,21,Toronto,2022-01-06,True
372,Name371,Surname371,user371@example.com,52,Mississauga,2022-01-07,True
373,Name372,Surname372,user372@example.com,66,Toronto,2022-01-08,True
374,Name373,Surname373,user373@example.com,34,Brampton,2022-01-09,True
375,Name374,Surname374,user374@example.com,61,Brampton,2022-01-10,False
376,Name375,Surname375,user375@example.com,45,Scarborough,2022-01-11,True
377,Name376,Surname376,user376@example.com,47,Toronto,2022-01-12,True
378,Name377,Surname377,user377@example.com,46,Mississauga,2022-01-13,False
379,Name378,Surname378,user378@example.com,63,Brampton,2022-01-14,False
380,Name379,Surname379,user379@example.com,23,Mississauga,2022-01-15,True
381,Name380,Surname380,user380@example.com,52,Mississauga,2022-01-16,False
382,Name381,Surname381,user381@example.com,58,Brampton,2022-01-17,True
383,Name382,Surname382,user382@example.com,54,Mississauga,2022-01-18,True
384,Name383,Surname383,user383@example.com,41,Brampton,2022-01-19,True
385,Name384,Surname384,user384@example.com,46,Mississauga,2022-01-20,True
386,Name385,Surname385,user385@example.com,66,Brampton,2022-01-21,False
387,Name386,Surname386,user386@example.com,63,Toronto,2022-01-22,True
388,Name387,Surname387,user387@example.com,48,Scarborough,2022-01-23,False
389,Name388,Surname388,user388@example.com,52,Brampton,2022-01-24,False
390,Name389,Surname389,user389@example.com,50,Brampton,2022-01-25,False
391,Name390,Surname390,user390@example.com,69,Scarborough,2022-01-26,False
392,Name391,Surname391,user391@example.com,38,Brampton,2022-01-27,True
393,Name392,Surname392,user392@example.com,49,Brampton,2022-01-28,False
394,Name393,Surname393,user393@example.com,40,Mississauga,2022-01-29,True
395,Name394,Surname394,user394@example.com,50,Scarborough,2022-01-30,False
396,Name395,Surname395,user395@example.com,20,Toronto,2022-01-31,False
397,Name396,Surname396,user396@example.com,35,Brampton,2022-02-01,True
398,Name397,Surname397,user397@example.com,42,Scarborough,2022-02-02,True
399,Name398,Surname398,user398@example.com,59,Mississauga,2022-02-03,True
400,Name399,Surname399,user399@example.com,48,Toronto,2022-02-04,False
401,Name400,Surname400,user400@example.com,20,Scarborough,2022-02-05,False
402,Name401,Surname401,user401@example.com,57,Toronto,2022-02-06,True
403,Name402,Surname402,user402@example.com,63,Toronto,2022-02-07,True
404,Name403,Surname403,user403@example.com,41,Toronto,2022-02-08,True
405,Name404,Surname404,user404@example.com,67,Brampton,2022-02-09,True
406,Name405,Surname405,user405@example.com,49,Brampton,2022-02-10,False
407,Name406,Surname406,user406@example.com,64,Mississauga,2022-02-11,True
408,Name407,Surname407,user407@example.com,39,Mississauga,2022-02-12,True
409,Name408,Surname408,user408@example.com,40,Scarborough,2022-02-13,True
410,Name409,Surname409,user409@example.com,19,Mississauga,2022-02-14,True
411,Name410,Surname410,user410@example.com,44,Toronto,2022-02-15,False
412,Name411,Surname411,user411@example.com,59,Toronto,2022-02-16,True
413,Name412,Surname412,user412@example.com,19,Brampton,2022-02-17,False
414,Name413,Surname413,user413@example.com,43,Toronto,2022-02-18,True
415,Name414,Surname414,user414@example.com,34,Scarborough,2022-02-19,True
416,Name415,Surname415,user415@example.com,57,Toronto,2022-02-20,False
417,Name416,Surname416,user416@example.com,50,Toronto,2022-02-21,True
418,Name417,Surname417,user417@example.com,26,Scarborough,2022-02-22,False
419,Name418,Surname418,user418@example.com,60,Mississauga,2022-02-23,False
420,Name419,Surname419,user419@example.com,65,Mississauga,2022-02-24,True
421,Name420,Surname420,user420@example.com,56,Scarborough,2022-02-25,False
422,Name421,Surname421,user421@example.com,46,Brampton,2022-02-26,False
423,Name422,Surname422,user422@example.com,59,Toronto,2022-02-27,False
424,Name423,Surname423,user423@example.com,43,Scarborough,2022-02-28,False
425,Name424,Surname424,user424@example.com,52,Toronto,2022-03-01,False
426,Name425,Surname425,user425@example.com,67,Brampton,2022-03-02,False
427,Name426,Surname426,user426@example.com,42,Toronto,2022-03-03,False
428,Name427,Surname427,user427@example.com,41,Scarborough,2022-03-04,False
429,Name428,Surname428,user428@example.com,30,Toronto,2022-03-05,True
430,Name429,Surname429,user429@example.com,24,Mississauga,2022-03-06,True
431,Name430,Surname430,user430@example.com,53,Brampton,2022-03-07,False
432,Name431,Surname431,user431@example.com,62,Brampton,2022-03-08,True
433,Name432,Surname432,user432@example.com,37,Brampton,2022-03-09,False
434,Name433,Surname433,user433@example.com,18,Scarborough,2022-03-10,False
435,Name434,Surname434,user434@example.com,25,Brampton,2022-03-11,True
436,Name435,Surname435,user435@example.com,63,Mississauga,2022-03-12,False
437,Name436,Surname436,user436@example.com,33,Scarborough,2022-03-13,False
438,Name437,Surname437,user437@example.com,31,Mississauga,2022-03-14,False
439,Name438,Surname438,user438@example.com,29,Toronto,2022-03-15,False
440,Name439,Surname439,user439@example.com,68,Toronto,2022-03-16,True
441,Name440,Surname440,user440@example.com,40,Toronto,2022-03-17,False
442,Name441,Surname441,user441@example.com,32,Toronto,2022-03-18,False
443,Name442,Surname442,user442@example.com,45,Mississauga,2022-03-19,False
444,Name443,Surname443,user443@example.com,51,Scarborough,2022-03-20,True
445,Name444,Surname444,user444@example.com,19,Scarborough,2022-03-21,False
446,Name445,Surname445,user445@example.com,49,Brampton,2022-03-22,True
447,Name446,Surname446,user446@example.com,40,Mississauga,2022-03-23,True
448,Name447,Surname447,user447@example.com,39,Toronto,2022-03-24,False
449,Name448,Surname448,user448@example.com,68,Mississauga,2022-03-25,False
450,Name449,Surname449,user449@example.com,42,Brampton,2022-03-26,True
451,Name450,Surname450,user450@example.com,39,Brampton,2022-03-27,False
452,Name451,Surname451,user451@example.com,39,Mississauga,2022-03-28,True
453,Name452,Surname452,user452@example.com,66,Mississauga,2022-03-29,True
454,Name453,Surname453,user453@example.com,69,Mississauga,2022-03-30,False
455,Name454,Surname454,user454@example.com,59,Scarborough,2022-03-31,False
456,Name455,Surname455,user455@example.com,23,Toronto,2022-04-01,True
457,Name456,Surname456,user456@example.com,32,Mississauga,2022-04-02,True
458,Name457,Surname457,user457@example.com,60,Mississauga,2022-04-03,True
459,Name458,Surname458,user458@example.com,54,Mississauga,2022-04-04,True
460,Name459,Surname459,user459@example.com,50,Brampton,2022-04-05,False
461,Name460,Surname460,user460@example.com,25,Brampton,2022-04-06,False
462,Name461,Surname461,user461@example.com,61,Scarborough,2022-04-07,False
463,Name462,Surname462,user462@example.com,61,Toronto,2022-04-08,False
464,Name463,Surname463,user463@example.com,22,Scarborough,2022-04-09,False
465,Name464,Surname464,user464@example.com,56,Toronto,2022-04-10,True
466,Name465,Surname465,user465@example.com,21,Brampton,2022-04-11,False
467,Name466,Surname466,user466@example.com,23,Brampton,2022-04-12,False
468,Name467,Surname467,user467@example.com,62,Brampton,2022-04-13,False
469,Name468,Surname468,user468@example.com,49,Scarborough,2022-04-14,False
470,Name469,Surname469,user469@example.com,69,Mississauga,2022-04-15,False
471,Name470,Surname470,user470@example.com,47,Mississauga,2022-04-16,True
472,Name471,Surname471,user471@example.com,64,Brampton,2022-04-17,True
473,Name472,Surname472,user472@example.com,52,Mississauga,2022-04-18,True
474,Name473,Surname473,user473@example.com,57,Mississauga,2022-04-19,False
475,Name474,Surname474,user474@example.com,69,Scarborough,2022-04-20,True
476,Name475,Surname475,user475@example.com,33,Toronto,2022-04-21,True
477,Name476,Surname476,user476@example.com,30,Brampton,2022-04-22,False
478,Name477,Surname477,user477@example.com,67,Brampton,2022-04-23,False
479,Name478,Surname478,user478@example.com,59,Scarborough,2022-04-24,False
480,Name479,Surname479,user479@example.com,47,Scarborough,2022-04-25,True
481,Name480,Surname480,user480@example.com,36,Mississauga,2022-04-26,True
482,Name481,Surname481,user481@example.com,34,Brampton,2022-04-27,False
483,Name482,Surname482,user482@example.com,36,Toronto,2022-04-28,False
484,Name483,Surname483,user483@example.com,45,Scarborough,2022-04-29,True
485,Name484,Surname484,user484@example.com,43,Toronto,2022-04-30,True
486,Name485,Surname485,user485@example.com,54,Toronto,2022-05-01,False
487,Name486,Surname486,user486@example.com,43,Brampton,2022-05-02,False
488,Name487,Surname487,user487@example.com,40,Brampton,2022-05-03,True
489,Name488,Surname488,user488@example.com,26,Scarborough,2022-05-04,False
490,Name489,Surname489,user489@example.com,29,Brampton,2022-05-05,True
491,Name490,Surname490,user490@example.com,18,Brampton,2022-05-06,True
492,Name491,Surname491,user491@example.com,18,Brampton,2022-05-07,True
493,Name492,Surname492,user492@example.com,64,Toronto,2022-05-08,True
494,Name493,Surname493,user493@example.com,51,Scarborough,2022-05-09,False
495,Name494,Surname494,user494@example.com,49,Mississauga,2022-05-10,False
496,Name495,Surname495,user495@example.com,65,Toronto,2022-05-11,True
497,Name496,Surname496,user496@example.com,42,Brampton,2022-05-12,True
498,Name497,Surname497,user497@example.com,57,Toronto,2022-05-13,True
499,Name498,Surname498,user498@example.com,62,Brampton,2022-05-14,True
500,Name499,Surname499,user499@example.com,18,Brampton,2022-05-15,True
501,Name500,Surname500,user500@example.com,33,Toronto,2022-05-16,False
502,Name501,Surname501,user501@example.com,56,Scarborough,2022-05-17,False
503,Name502,Surname502,user502@example.com,22,Brampton,2022-05-18,False
504,Name503,Surname503,user503@example.com,39,Scarborough,2022-05-19,False
505,Name504,Surname504,user504@example.com,46,Mississauga,2022-05-20,True
506,Name505,Surname505,user505@example.com,20,Brampton,2022-05-21,True
507,Name506,Surname506,user506@example.com,29,Scarborough,2022-05-22,True
508,Name507,Surname507,user507@example.com,43,Scarborough,2022-05-23,True
509,Name508,Surname508,user508@example.com,33,Mississauga,2022-05-24,True
510,Name509,Surname509,user509@example.com,68,Scarborough,2022-05-25,False
511,Name510,Surname510,user510@example.com,54,Scarborough,2022-05-26,True
512,Name511,Surname511,user511@example.com,39,Mississauga,2022-05-27,False
513,Name512,Surname512,user512@example.com,46,Brampton,2022-05-28,False
514,Name513,Surname513,user513@example.com,31,Scarborough,2022-05-29,False
515,Name514,Surname514,user514@example.com,45,Scarborough,2022-05-30,False
516,Name515,Surname515,user515@example.com,22,Scarborough,2022-05-31,True
517,Name516,Surname516,user516@example.com,64,Toronto,2022-06-01,False
518,Name517,Surname517,user517@example.com,66,Mississauga,2022-06-02,False
519,Name518,Surname518,user518@example.com,47,Toronto,2022-06-03,False
520,Name519,Surname519,user519@example.com,63,Mississauga,2022-06-04,True
521,Name520,Surname520,user520@example.com,69,Brampton,2022-06-05,True
522,Name521,Surname521,user521@example.com,22,Brampton,2022-06-06,True
523,Name522,Surname522,user522@example.com,29,Scarborough,2022-06-07,False
524,Name523,Surname523,user523@example.com,33,Mississauga,2022-06-08,False
525,Name524,Surname524,user524@example.com,43,Brampton,2022-06-09,True
526,Name525,Surname525,user525@example.com,43,Mississauga,2022-06-10,False
527,Name526,Surname526,user526@example.com,65,Brampton,2022-06-11,True
528,Name527,Surname527,user527@example.com,38,Toronto,2022-06-12,True
529,Name528,Surname528,user528@example.com,56,Brampton,2022-06-13,False
530,Name529,Surname529,user529@example.com,53,Toronto,2022-06-14,False
531,Name530,Surname530,user530@example.com,50,Brampton,2022-06-15,False
532,Name531,Surname531,user531@example.com,47,Scarborough,2022-06-16,False
533,Name532,Surname532,user532@example.com,54,Toronto,2022-06-17,True
534,Name533,Surname533,user533@example.com,40,Brampton,2022-06-18,True
535,Name534,Surname534,user534@example.com,27,Scarborough,2022-06-19,True
536,Name535,Surname535,user535@example.com,22,Toronto,2022-06-20,True
537,Name536,Surname536,user536@example.com,53,Scarborough,2022-06-21,True
538,Name537,Surname537,user537@example.com,51,Mississauga,2022-06-22,False
539,Name538,Surname538,user538@example.com,69,Mississauga,2022-06-23,True
540,Name539,Surname539,user539@example.com,48,Toronto,2022-06-24,True
541,Name540,Surname540,user540@example.com,27,Brampton,2022-06-25,True
542,Name541,Surname541,user541@example.com,36,Toronto,2022-06-26,False
543,Name542,Surname542,user542@example.com,49,Scarborough,2022-06-27,False
544,Name543,Surname543,user543@example.com,18,Brampton,2022-06-28,False
545,Name544,Surname544,user544@example.com,22,Mississauga,2022-06-29,False
546,Name545,Surname545,user545@example.com,62,Brampton,2022-06-30,True
547,Name546,Surname546,user546@example.com,21,Mississauga,2022-07-01,True
548,Name547,Surname547,user547@example.com,33,Brampton,2022-07-02,False
549,Name548,Surname548,user548@example.com,41,Brampton,2022-07-03,False
550,Name549,Surname549,user549@example.com,33,Brampton,2022-07-04,True
551,Name550,Surname550,user550@example.com,19,Scarborough,2022-07-05,True
552,Name551,Surname551,user551@example.com,66,Scarborough,2022-07-06,False
553,Name552,Surname552,user552@example.com,45,Toronto,2022-07-07,False
554,Name553,Surname553,user553@example.com,49,Toronto,2022-07-08,False
555,Name554,Surname554,user554@example.com,44,Mississauga,2022-07-09,False
556,Name555,Surname555,user555@example.com,37,Scarborough,2022-07-10,True
557,Name556,Surname556,user556@example.com,41,Mississauga,2022-07-11,True
558,Name557,Surname557,user557@example.com,29,Toronto,2022-07-12,True
559,Name558,Surname558,user558@example.com,67,Mississauga,2022-07-13,False
560,Name559,Surname559,user559@example.com,52,Toronto,2022-07-14,False
561,Name560,Surname560,user560@example.com,50,Scarborough,2022-07-15,True
562,Name561,Surname561,user561@example.com,50,Brampton,2022-07-16,True
563,Name562,Surname562,user562@example.com,68,Scarborough,2022-07-17,True
564,Name563,Surname563,user563@example.com,60,Mississauga,2022-07-18,True
565,Name564,Surname564,user564@example.com,54,Mississauga,2022-07-19,False
566,Name565,Surname565,user565@example.com,29,Scarborough,2022-07-20,True
567,Name566,Surname566,user566@example.com,20,Scarborough,2022-07-21,True
568,Name567,Surname567,user567@example.com,18,Toronto,2022-07-22,True
569,Name568,Surname568,user568@example.com,50,Mississauga,2022-07-23,True
570,Name569,Surname569,user569@example.com,57,Mississauga,2022-07-24,True
571,Name570,Surname570,user570@example.com,27,Scarborough,2022-07-25,True
572,Name571,Surname571,user571@example.com,60,Brampton,2022-07-26,True
573,Name572,Surname572,user572@example.com,61,Mississauga,2022-07-27,False
574,Name573,Surname573,user573@example.com,46,Brampton,2022-07-28,False
575,Name574,Surname574,user574@example.com,30,Scarborough,2022-07-29,False
576,Name575,Surname575,user575@example.com,29,Scarborough,2022-07-30,False
577,Name576,Surname576,user576@example.com,48,Toronto,2022-07-31,True
578,Name577,Surname577,user577@example.com,63,Mississauga,2022-08-01,False
579,Name578,Surname578,user578@example.com,19,Brampton,2022-08-02,False
580,Name579,Surname579,user579@example.com,68,Toronto,2022-08-03,True
581,Name580,Surname580,user580@example.com,67,Mississauga,2022-08-04,True
582,Name581,Surname581,user581@example.com,52,Toronto,2022-08-05,False
583,Name582,Surname582,user582@example.com,40,Scarborough,2022-08-06,False
584,Name583,Surname583,user583@example.com,34,Mississauga,2022-08-07,True
585,Name584,Surname584,user584@example.com,43,Toronto,2022-08-08,False
586,Name585,Surname585,user585@example.com,25,Toronto,2022-08-09,True
587,Name586,Surname586,user586@example.com,46,Brampton,2022-08-10,True
588,Name587,Surname587,user587@example.com,43,Toronto,2022-08-11,True
589,Name588,Surname588,user588@example.com,27,Mississauga,2022-08-12,True
590,Name589,Surname589,user589@example.com,43,Mississauga,2022-08-13,False
591,Name590,Surname590,user590@example.com,51,Brampton,2022-08-14,True
592,Name591,Surname591,user591@example.com,68,Mississauga,2022-08-15,True
593,Name592,Surname592,user592@example.com,58,Scarborough,2022-08-16,False
594,Name593,Surname593,user593@example.com,24,Mississauga,2022-08-17,True
595,Name594,Surname594,user594@example.com,21,Mississauga,2022-08-18,False
596,Name595,Surname595,user595@example.com,67,Toronto,2022-08-19,False
597,Name596,Surname596,user596@example.com,62,Toronto,2022-08-20,False
598,Name597,Surname597,user597@example.com,28,Mississauga,2022-08-21,True
599,Name598,Surname598,user598@example.com,46,Brampton,2022-08-22,False
600,Name599,Surname599,user599@example.com,53,Toronto,2022-08-23,False
601,Name600,Surname600,user600@example.com,42,Brampton,2022-08-24,True
602,Name601,Surname601,user601@example.com,38,Mississauga,2022-08-25,False
603,Name602,Surname602,user602@example.com,53,Mississauga,2022-08-26,False
604,Name603,Surname603,user603@example.com,27,Scarborough,2022-08-27,False
605,Name604,Surname604,user604@example.com,54,Toronto,2022-08-28,False
606,Name605,Surname605,user605@example.com,26,Mississauga,2022-08-29,False
607,Name606,Surname606,user606@example.com,41,Scarborough,2022-08-30,True
608,Name607,Surname607,user607@example.com,52,Toronto,2022-08-31,False
609,Name608,Surname608,user608@example.com,66,Mississauga,2022-09-01,False
610,Name609,Surname609,user609@example.com,52,Mississauga,2022-09-02,True
611,Name610,Surname610,user610@example.com,65,Toronto,2022-09-03,True
612,Name611,Surname611,user611@example.com,53,Toronto,2022-09-04,True
613,Name612,Surname612,user612@example.com,35,Toronto,2022-09-05,False
614,Name613,Surname613,user613@example.com,66,Mississauga,2022-09-06,True
615,Name614,Surname614,user614@example.com,56,Mississauga,2022-09-07,False
616,Name615,Surname615,user615@example.com,49,Scarborough,2022-09-08,False
617,Name616,Surname616,user616@example.com,41,Brampton,2022-09-09,True
618,Name617,Surname617,user617@example.com,40,Toronto,2022-09-10,True
619,Name618,Surname618,user618@example.com,49,Mississauga,2022-09-11,False
620,Name619,Surname619,user619@example.com,54,Mississauga,2022-09-12,True
621,Name620,Surname620,user620@example.com,29,Toronto,2022-09-13,False
622,Name621,Surname621,user621@example.com,66,Brampton,2022-09-14,True
623,Name622,Surname622,user622@example.com,30,Toronto,2022-09-15,True
624,Name623,Surname623,user623@example.com,40,Brampton,2022-09-16,True
625,Name624,Surname624,user624@example.com,42,Mississauga,2022-09-17,False
626,Name625,Surname625,user625@example.com,52,Brampton,2022-09-18,True
627,Name626,Surname626,user626@example.com,58,Scarborough,2022-09-19,False
628,Name627,Surname627,user627@example.com,47,Mississauga,2022-09-20,False
629,Name628,Surname628,user628@example.com,34,Scarborough,2022-09-21,False
630,Name629,Surname629,user629@example.com,66,Toronto,2022-09-22,False
631,Name630,Surname630,user630@example.com,37,Toronto,2022-09-23,True
632,Name631,Surname631,user631@example.com,65,Toronto,2022-09-24,False
633,Name632,Surname632,user632@example.com,42,Brampton,2022-09-25,False
634,Name633,Surname633,user633@example.com,39,Mississauga,2022-09-26,True
635,Name634,Surname634,user634@example.com,30,Toronto,2022-09-27,False
636,Name635,Surname635,user635@example.com,36,Toronto,2022-09-28,True
637,Name636,Surname636,user636@example.com,66,Mississauga,2022-09-29,False
638,Name637,Surname637,user637@example.com,53,Toronto,2022-09-30,True
639,Name638,Surname638,user638@example.com,29,Scarborough,2022-10-01,False
640,Name639,Surname639,user639@example.com,58,Mississauga,2022-10-02,True
641,Name640,Surname640,user640@example.com,36,Mississauga,2022-10-03,False
642,Name641,Surname641,user641@example.com,29,Mississauga,2022-10-04,False
643,Name642,Surname642,user642@example.com,26,Scarborough,2022-10-05,True
644,Name643,Surname643,user643@example.com,24,Mississauga,2022-10-06,True
645,Name644,Surname644,user644@example.com,45,Scarborough,2022-10-07,True
646,Name645,Surname645,user645@example.com,31,Mississauga,2022-10-08,True
647,Name646,Surname646,user646@example.com,48,Brampton,2022-10-09,False
648,Name647,Surname647,user647@example.com,69,Toronto,2022-10-10,False
649,Name648,Surname648,user648@example.com,36,Brampton,2022-10-11,True
650,Name649,Surname649,user649@example.com,64,Toronto,2022-10-12,False
651,Name650,Surname650,user650@example.com,33,Scarborough,2022-10-13,True
652,Name651,Surname651,user651@example.com,22,Brampton,2022-10-14,True
653,Name652,Surname652,user652@example.com,52,Mississauga,2022-10-15,False
654,Name653,Surname653,user653@example.com,29,Toronto,2022-10-16,False
655,Name654,Surname654,user654@example.com,42,Toronto,2022-10-17,False
656,Name655,Surname655,user655@example.com,69,Brampton,2022-10-18,False
657,Name656,Surname656,user656@example.com,38,Scarborough,2022-10-19,False
658,Name657,Surname657,user657@example.com,53,Brampton,2022-10-20,False
659,Name658,Surname658,user658@example.com,40,Scarborough,2022-10-21,False
660,Name659,Surname659,user659@example.com,33,Scarborough,2022-10-22,True
661,Name660,Surname660,user660@example.com,56,Toronto,2022-10-23,True
662,Name661,Surname661,user661@example.com,62,Brampton,2022-10-24,True
663,Name662,Surname662,user662@example.com,59,Brampton,2022-10-25,True
664,Name663,Surname663,user663@example.com,56,Scarborough,2022-10-26,True
665,Name664,Surname664,user664@example.com,31,Brampton,2022-10-27,False
666,Name665,Surname665,user665@example.com,48,Mississauga,2022-10-28,True
667,Name666,Surname666,user666@example.com,22,Mississauga,2022-10-29,True
668,Name667,Surname667,user667@example.com,52,Brampton,2022-10-30,True
669,Name668,Surname668,user668@example.com,40,Brampton,2022-10-31,True
670,Name669,Surname669,user669@example.com,46,Scarborough,2022-11-01,True
671,Name670,Surname670,user670@example.com,60,Mississauga,2022-11-02,True
672,Name671,Surname671,user671@example.com,28,Mississauga,2022-11-03,True
673,Name672,Surname672,user672@example.com,35,Toronto,2022-11-04,False
674,Name673,Surname673,user673@example.com,64,Scarborough,2022-11-05,False
675,Name674,Surname674,user674@example.com,29,Toronto,2022-11-06,True
676,Name675,Surname675,user675@example.com,26,Mississauga,2022-11-07,False
677,Name676,Surname676,user676@example.com,27,Scarborough,2022-11-08,False
678,Name677,Surname677,user677@example.com,61,Brampton,2022-11-09,False
679,Name678,Surname678,user678@example.com,34,Scarborough,2022-11-10,False
680,Name679,Surname679,user679@example.com,55,Brampton,2022-11-11,True
681,Name680,Surname680,user680@example.com,24,Brampton,2022-11-12,False
682,Name681,Surname681,user681@example.com,63,Scarborough,2022-11-13,False
683,Name682,Surname682,user682@example.com,30,Brampton,2022-11-14,False
684,Name683,Surname683,user683@example.com,57,Toronto,2022-11-15,True
685,Name684,Surname684,user684@example.com,59,Mississauga,2022-11-16,True
686,Name685,Surname685,user685@example.com,26,Brampton,2022-11-17,True
687,Name686,Surname686,user686@example.com,67,Toronto,2022-11-18,True
688,Name687,Surname687,user687@example.com,44,Brampton,2022-11-19,True
689,Name688,Surname688,user688@example.com,19,Mississauga,2022-11-20,True
690,Name689,Surname689,user689@example.com,22,Toronto,2022-11-21,True
691,Name690,Surname690,user690@example.com,46,Mississauga,2022-11-22,False
692,Name691,Surname691,user691@example.com,54,Mississauga,2022-11-23,False
693,Name692,Surname692,user692@example.com,55,Toronto,2022-11-24,False
694,Name693,Surname693,user693@example.com,36,Toronto,2022-11-25,True
695,Name694,Surname694,user694@example.com,25,Toronto,2022-11-26,True
696,Name695,Surname695,user695@example.com,65,Scarborough,2022-11-27,True
697,Name696,Surname696,user696@example.com,62,Toronto,2022-11-28,True
698,Name697,Surname697,user697@example.com,18,Toronto,2022-11-29,True
699,Name698,Surname698,user698@example.com,39,Toronto,2022-11-30,False
700,Name699,Surname699,user699@example.com,69,Toronto,2022-12-01,False
701,Name700,Surname700,user700@example.com,34,Brampton,2022-12-02,True
702,Name701,Surname701,user701@example.com,24,Scarborough,2022-12-03,True
703,Name702,Surname702,user702@example.com,42,Mississauga,2022-12-04,True
704,Name703,Surname703,user703@example.com,62,Toronto,2022-12-05,True
705,Name704,Surname704,user704@example.com,21,Brampton,2022-12-06,False
706,Name705,Surname705,user705@example.com,53,Brampton,2022-12-07,True
707,Name706,Surname706,user706@example.com,23,Brampton,2022-12-08,True
708,Name707,Surname707,user707@example.com,48,Mississauga,2022-12-09,True
709,Name708,Surname708,user708@example.com,36,Toronto,2022-12-10,True
710,Name709,Surname709,user709@example.com,61,Scarborough,2022-12-11,False
711,Name710,Surname710,user710@example.com,56,Scarborough,2022-12-12,True
712,Name711,Surname711,user711@example.com,44,Brampton,2022-12-13,True
713,Name712,Surname712,user712@example.com,27,Mississauga,2022-12-14,False
714,Name713,Surname713,user713@example.com,43,Mississauga,2022-12-15,False
715,Name714,Surname714,user714@example.com,36,Mississauga,2022-12-16,False
716,Name715,Surname715,user715@example.com,56,Scarborough,2022-12-17,True
717,Name716,Surname716,user716@example.com,20,Brampton,2022-12-18,True
718,Name717,Surname717,user717@example.com,62,Toronto,2022-12-19,False
719,Name718,Surname718,user718@example.com,30,Scarborough,2022-12-20,False
720,Name719,Surname719,user719@example.com,67,Brampton,2022-12-21,False
721,Name720,Surname720,user720@example.com,45,Brampton,2022-12-22,False
722,Name721,Surname721,user721@example.com,37,Toronto,2022-12-23,False
723,Name722,Surname722,user722@example.com,45,Toronto,2022-12-24,False
724,Name723,Surname723,user723@example.com,25,Toronto,2022-12-25,True
725,Name724,Surname724,user724@example.com,58,Mississauga,2022-12-26,True
726,Name725,Surname725,user725@example.com,56,Toronto,2022-12-27,True
727,Name726,Surname726,user726@example.com,18,Brampton,2022-12-28,False
728,Name727,Surname727,user727@example.com,20,Toronto,2022-12-29,False
729,Name728,Surname728,user728@example.com,30,Brampton,2022-12-30,False
730,Name729,Surname729,user729@example.com,45,Scarborough,2022-12-31,False
731,Name730,Surname730,user730@example.com,66,Mississauga,2023-01-01,False
732,Name731,Surname731,user731@example.com,42,Scarborough,2023-01-02,False
733,Name732,Surname732,user732@example.com,50,Scarborough,2023-01-03,True
734,Name733,Surname733,user733@example.com,55,Brampton,2023-01-04,True
735,Name734,Surname734,user734@example.com,23,Scarborough,2023-01-05,False
736,Name735,Surname735,user735@example.com,61,Brampton,2023-01-06,True
737,Name736,Surname736,user736@example.com,62,Toronto,2023-01-07,False
738,Name737,Surname737,user737@example.com,49,Toronto,2023-01-08,True
739,Name738,Surname738,user738@example.com,62,Brampton,2023-01-09,False
740,Name739,Surname739,user739@example.com,64,Toronto,2023-01-10,False
741,Name740,Surname740,user740@example.com,38,Mississauga,2023-01-11,True
742,Name741,Surname741,user741@example.com,33,Scarborough,2023-01-12,True
743,Name742,Surname742,user742@example.com,38,Mississauga,2023-01-13,False
744,Name743,Surname743,user743@example.com,28,Scarborough,2023-01-14,False
745,Name744,Surname744,user744@example.com,54,Toronto,2023-01-15,True
746,Name745,Surname745,user745@example.com,53,Mississauga,2023-01-16,True
747,Name746,Surname746,user746@example.com,52,Toronto,2023-01-17,False
748,Name747,Surname747,user747@example.com,36,Scarborough,2023-01-18,True
749,Name748,Surname748,user748@example.com,37,Brampton,2023-01-19,False
750,Name749,Surname749,user749@example.com,35,Brampton,2023-01-20,False
751,Name750,Surname750,user750@example.com,64,Mississauga,2023-01-21,False
752,Name751,Surname751,user751@example.com,58,Toronto,2023-01-22,False
753,Name752,Surname752,user752@example.com,66,Toronto,2023-01-23,True
754,Name753,Surname753,user753@example.com,31,Mississauga,2023-01-24,True
755,Name754,Surname754,user754@example.com,32,Brampton,2023-01-25,True
756,Name755,Surname755,user755@example.com,48,Scarborough,2023-01-26,True
757,Name756,Surname756,user756@example.com,18,Mississauga,2023-01-27,True
758,Name757,Surname757,user757@example.com,20,Scarborough,2023-01-28,True
759,Name758,Surname758,user758@example.com,33,Brampton,2023-01-29,True
760,Name759,Surname759,user759@example.com,40,Toronto,2023-01-30,False
761,Name760,Surname760,user760@example.com,28,Brampton,2023-01-31,True
762,Name761,Surname761,user761@example.com,29,Mississauga,2023-02-01,True
763,Name762,Surname762,user762@example.com,27,Toronto,2023-02-02,False
764,Name763,Surname763,user763@example.com,49,Mississauga,2023-02-03,True
765,Name764,Surname764,user764@example.com,33,Mississauga,2023-02-04,True
766,Name765,Surname765,user765@example.com,25,Brampton,2023-02-05,False
767,Name766,Surname766,user766@example.com,55,Mississauga,2023-02-06,True
768,Name767,Surname767,user767@example.com,29,Brampton,2023-02-07,True
769,Name768,Surname768,user768@example.com,41,Toronto,2023-02-08,True
770,Name769,Surname769,user769@example.com,45,Brampton,2023-02-09,False
771,Name770,Surname770,user770@example.com,25,Toronto,2023-02-10,True
772,Name771,Surname771,user771@example.com,45,Brampton,2023-02-11,True
773,Name772,Surname772,user772@example.com,53,Scarborough,2023-02-12,False
774,Name773,Surname773,user773@example.com,43,Scarborough,2023-02-13,True
775,Name774,Surname774,user774@example.com,25,Mississauga,2023-02-14,False
776,Name775,Surname775,user775@example.com,67,Brampton,2023-02-15,False
777,Name776,Surname776,user776@example.com,45,Brampton,2023-02-16,True
778,Name777,Surname777,user777@example.com,45,Toronto,2023-02-17,False
779,Name778,Surname778,user778@example.com,54,Mississauga,2023-02-18,False
780,Name779,Surname779,user779@example.com,58,Brampton,2023-02-19,True
781,Name780,Surname780,user780@example.com,53,Mississauga,2023-02-20,False
782,Name781,Surname781,user781@example.com,44,Scarborough,2023-02-21,False
783,Name782,Surname782,user782@example.com,34,Brampton,2023-02-22,True
784,Name783,Surname783,user783@example.com,26,Brampton,2023-02-23,True
785,Name784,Surname784,user784@example.com,50,Mississauga,2023-02-24,True
786,Name785,Surname785,user785@example.com,37,Brampton,2023-02-25,False
787,Name786,Surname786,user786@example.com,30,Mississauga,2023-02-26,True
788,Name787,Surname787,user787@example.com,45,Brampton,2023-02-27,False
789,Name788,Surname788,user788@example.com,65,Toronto,2023-02-28,False
790,Name789,Surname789,user789@example.com,46,Mississauga,2023-03-01,False
791,Name790,Surname790,user790@example.com,30,Brampton,2023-03-02,False
792,Name791,Surname791,user791@example.com,63,Scarborough,2023-03-03,False
793,Name792,Surname792,user792@example.com,52,Brampton,2023-03-04,False
794,Name793,Surname793,user793@example.com,23,Scarborough,2023-03-05,False
795,Name794,Surname794,user794@example.com,35,Scarborough,2023-03-06,True
796,Name795,Surname795,user795@example.com,68,Toronto,2023-03-07,True
797,Name796,Surname796,user796@example.com,22,Mississauga,2023-03-08,False
798,Name797,Surname797,user797@example.com,64,Brampton,2023-03-09,False
799,Name798,Surname798,user798@example.com,42,Toronto,2023-03-10,True
800,Name799,Surname799,user799@example.com,19,Brampton,2023-03-11,False
801,Name800,Surname800,user800@example.com,27,Scarborough,2023-03-12,True
802,Name801,Surname801,user801@example.com,47,Mississauga,2023-03-13,True
803,Name802,Surname802,user802@example.com,67,Brampton,2023-03-14,True
804,Name803,Surname803,user803@example.com,62,Brampton,2023-03-15,False
805,Name804,Surname804,user804@example.com,22,Scarborough,2023-03-16,False
806,Name805,Surname805,user805@example.com,50,Brampton,2023-03-17,True
807,Name806,Surname806,user806@example.com,18,Brampton,2023-03-18,True
808,Name807,Surname807,user807@example.com,35,Scarborough,2023-03-19,True
809,Name808,Surname808,user808@example.com,49,Toronto,2023-03-20,True
810,Name809,Surname809,user809@example.com,64,Scarborough,2023-03-21,True
811,Name810,Surname810,user810@example.com,66,Toronto,2023-03-22,False
812,Name811,Surname811,user811@example.com,28,Mississauga,2023-03-23,True
813,Name812,Surname812,user812@example.com,38,Toronto,2023-03-24,False
814,Name813,Surname813,user813@example.com,43,Toronto,2023-03-25,True
815,Name814,Surname814,user814@example.com,42,Mississauga,2023-03-26,False
816,Name815,Surname815,user815@example.com,39,Toronto,2023-03-27,False
817,Name816,Surname816,user816@example.com,44,Scarborough,2023-03-28,False
818,Name817,Surname817,user817@example.com,66,Toronto,2023-03-29,False
819,Name818,Surname818,user818@example.com,30,Mississauga,2023-03-30,False
820,Name819,Surname819,user819@example.com,50,Scarborough,2023-03-31,False
821,Name820,Surname820,user820@example.com,51,Mississauga,2023-04-01,True
822,Name821,Surname821,user821@example.com,58,Mississauga,2023-04-02,False
823,Name822,Surname822,user822@example.com,52,Brampton,2023-04-03,True
824,Name823,Surname823,user823@example.com,18,Brampton,2023-04-04,False
825,Name824,Surname824,user824@example.com,38,Mississauga,2023-04-05,False
826,Name825,Surname825,user825@example.com,65,Mississauga,2023-04-06,True
827,Name826,Surname826,user826@example.com,23,Mississauga,2023-04-07,False
828,Name827,Surname827,user827@example.com,45,Brampton,2023-04-08,True
829,Name828,Surname828,user828@example.com,34,Brampton,2023-04-09,True
830,Name829,Surname829,user829@example.com,22,Toronto,2023-04-10,True
831,Name830,Surname830,user830@example.com,48,Toronto,2023-04-11,True
832,Name831,Surname831,user831@example.com,22,Mississauga,2023-04-12,False
833,Name832,Surname832,user832@example.com,55,Scarborough,2023-04-13,False
834,Name833,Surname833,user833@example.com,20,Scarborough,2023-04-14,True
835,Name834,Surname834,user834@example.com,40,Brampton,2023-04-15,False
836,Name835,Surname835,user835@example.com,54,Brampton,2023-04-16,False
837,Name836,Surname836,user836@example.com,54,Brampton,2023-04-17,True
838,Name837,Surname837,user837@example.com,27,Mississauga,2023-04-18,False
839,Name838,Surname838,user838@example.com,27,Scarborough,2023-04-19,True
840,Name839,Surname839,user839@example.com,36,Toronto,2023-04-20,True
841,Name840,Surname840,user840@example.com,34,Mississauga,2023-04-21,False
842,Name841,Surname841,user841@example.com,38,Toronto,2023-04-22,False
843,Name842,Surname842,user842@example.com,31,Toronto,2023-04-23,False
844,Name843,Surname843,user843@example.com,26,Mississauga,2023-04-24,True
845,Name844,Surname844,user844@example.com,63,Toronto,2023-04-25,True
846,Name845,Surname845,user845@example.com,18,Scarborough,2023-04-26,False
847,Name846,Surname846,user846@example.com,68,Toronto,2023-04-27,False
848,Name847,Surname847,user847@example.com,62,Scarborough,2023-04-28,False
849,Name848,Surname848,user848@example.com,30,Scarborough,2023-04-29,False
850,Name849,Surname849,user849@example.com,21,Scarborough,2023-04-30,True
851,Name850,Surname850,user850@example.com,18,Brampton,2023-05-01,False
852,Name851,Surname851,user851@example.com,66,Toronto,2023-05-02,True
853,Name852,Surname852,user852@example.com,57,Mississauga,2023-05-03,True
854,Name853,Surname853,user853@example.com,49,Mississauga,2023-05-04,False
855,Name854,Surname854,user854@example.com,51,Toronto,2023-05-05,False
856,Name855,Surname855,user855@example.com,45,Brampton,2023-05-06,False
857,Name856,Surname856,user856@example.com,48,Brampton,2023-05-07,True
858,Name857,Surname857,user857@example.com,25,Scarborough,2023-05-08,False
859,Name858,Surname858,user858@example.com,56,Toronto,2023-05-09,False
860,Name859,Surname859,user859@example.com,43,Toronto,2023-05-10,True
861,Name860,Surname860,user860@example.com,51,Mississauga,2023-05-11,False
862,Name861,Surname861,user861@example.com,20,Toronto,2023-05-12,True
863,Name862,Surname862,user862@example.com,67,Brampton,2023-05-13,False
864,Name863,Surname863,user863@example.com,29,Toronto,2023-05-14,True
865,Name864,Surname864,user864@example.com,18,Mississauga,2023-05-15,False
866,Name865,Surname865,user865@example.com,61,Scarborough,2023-05-16,False
867,Name866,Surname866,user866@example.com,22,Mississauga,2023-05-17,True
868,Name867,Surname867,user867@example.com,47,Mississauga,2023-05-18,True
869,Name868,Surname868,user868@example.com,47,Scarborough,2023-05-19,False
870,Name869,Surname869,user869@example.com,34,Mississauga,2023-05-20,True
871,Name870,Surname870,user870@example.com,65,Mississauga,2023-05-21,True
872,Name871,Surname871,user871@example.com,64,Toronto,2023-05-22,True
873,Name872,Surname872,user872@example.com,40,Toronto,2023-05-23,True
874,Name873,Surname873,user873@example.com,32,Scarborough,2023-05-24,False
875,Name874,Surname874,user874@example.com,54,Toronto,2023-05-25,False
876,Name875,Surname875,user875@example.com,38,Toronto,2023-05-26,True
877,Name876,Surname876,user876@example.com,31,Mississauga,2023-05-27,True
878,Name877,Surname877,user877@example.com,19,Brampton,2023-05-28,True
879,Name878,Surname878,user878@example.com,28,Toronto,2023-05-29,True
880,Name879,Surname879,user879@example.com,68,Brampton,2023-05-30,False
881,Name880,Surname880,user880@example.com,56,Toronto,2023-05-31,False
882,Name881,Surname881,user881@example.com,55,Toronto,2023-06-01,True
883,Name882,Surname882,user882@example.com,51,Scarborough,2023-06-02,True
884,Name883,Surname883,user883@example.com,55,Scarborough,2023-06-03,True
885,Name884,Surname884,user884@example.com,67,Scarborough,2023-06-04,False
886,Name885,Surname885,user885@example.com,51,Brampton,2023-06-05,True
887,Name886,Surname886,user886@example.com,35,Mississauga,2023-06-06,False
888,Name887,Surname887,user887@example.com,47,Toronto,2023-06-07,True
889,Name888,Surname888,user888@example.com,32,Toronto,2023-06-08,False
890,Name889,Surname889,user889@example.com,44,Toronto,2023-06-09,True
891,Name890,Surname890,user890@example.com,68,Brampton,2023-06-10,False
892,Name891,Surname891,user891@example.com,51,Scarborough,2023-06-11,True
893,Name892,Surname892,user892@example.com,69,Mississauga,2023-06-12,True
894,Name893,Surname893,user893@example.com,55,Brampton,2023-06-13,True
895,Name894,Surname894,user894@example.com,50,Scarborough,2023-06-14,False
896,Name895,Surname895,user895@example.com,41,Brampton,2023-06-15,True
897,Name896,Surname896,user896@example.com,32,Mississauga,2023-06-16,False
898,Name897,Surname897,user897@example.com,47,Scarborough,2023-06-17,False
899,Name898,Surname898,user898@example.com,59,Brampton,2023-06-18,True
900,Name899,Surname899,user899@example.com,68,Mississauga,2023-06-19,True
901,Name900,Surname900,user900@example.com,34,Toronto,2023-06-20,True
902,Name901,Surname901,user901@example.com,22,Mississauga,2023-06-21,False
903,Name902,Surname902,user902@example.com,46,Toronto,2023-06-22,True
904,Name903,Surname903,user903@example.com,21,Brampton,2023-06-23,False
905,Name904,Surname904,user904@example.com,27,Scarborough,2023-06-24,False
906,Name905,Surname905,user905@example.com,34,Scarborough,2023-06-25,True
907,Name906,Surname906,user906@example.com,27,Brampton,2023-06-26,True
908,Name907,Surname907,user907@example.com,34,Scarborough,2023-06-27,True
909,Name908,Surname908,user908@example.com,37,Scarborough,2023-06-28,True
910,Name909,Surname909,user909@example.com,41,Toronto,2023-06-29,True
911,Name910,Surname910,user910@example.com,22,Brampton,2023-06-30,True
912,Name911,Surname911,user911@example.com,51,Mississauga,2023-07-01,False
913,Name912,Surname912,user912@example.com,23,Toronto,2023-07-02,False
914,Name913,Surname913,user913@example.com,19,Brampton,2023-07-03,False
915,Name914,Surname914,user914@example.com,30,Toronto,2023-07-04,True
916,Name915,Surname915,user915@example.com,60,Mississauga,2023-07-05,False
917,Name916,Surname916,user916@example.com,60,Mississauga,2023-07-06,False
918,Name917,Surname917,user917@example.com,65,Brampton,2023-07-07,False
919,Name918,Surname918,user918@example.com,28,Mississauga,2023-07-08,False
920,Name919,Surname919,user919@example.com,68,Toronto,2023-07-09,False
921,Name920,Surname920,user920@example.com,64,Mississauga,2023-07-10,True
922,Name921,Surname921,user921@example.com,40,Toronto,2023-07-11,True
923,Name922,Surname922,user922@example.com,33,Toronto,2023-07-12,False
924,Name923,Surname923,user923@example.com,48,Mississauga,2023-07-13,False
925,Name924,Surname924,user924@example.com,28,Brampton,2023-07-14,False
926,Name925,Surname925,user925@example.com,33,Scarborough,2023-07-15,True
927,Name926,Surname926,user926@example.com,25,Mississauga,2023-07-16,True
928,Name927,Surname927,user927@example.com,21,Toronto,2023-07-17,False
929,Name928,Surname928,user928@example.com,57,Toronto,2023-07-18,True
930,Name929,Surname929,user929@example.com,21,Mississauga,2023-07-19,True
931,Name930,Surname930,user930@example.com,42,Brampton,2023-07-20,False
932,Name931,Surname931,user931@example.com,20,Brampton,2023-07-21,True
933,Name932,Surname932,user932@example.com,49,Toronto,2023-07-22,True
934,Name933,Surname933,user933@example.com,20,Toronto,2023-07-23,False
935,Name934,Surname934,user934@example.com,44,Brampton,2023-07-24,True
936,Name935,Surname935,user935@example.com,46,Scarborough,2023-07-25,True
937,Name936,Surname936,user936@example.com,49,Mississauga,2023-07-26,False
938,Name937,Surname937,user937@example.com,67,Toronto,2023-07-27,True
939,Name938,Surname938,user938@example.com,68,Toronto,2023-07-28,True
940,Name939,Surname939,user939@example.com,36,Brampton,2023-07-29,False
941,Name940,Surname940,user940@example.com,38,Mississauga,2023-07-30,False
942,Name941,Surname941,user941@example.com,22,Brampton,2023-07-31,False
943,Name942,Surname942,user942@example.com,35,Mississauga,2023-08-01,True
944,Name943,Surname943,user943@example.com,45,Mississauga,2023-08-02,False
945,Name944,Surname944,user944@example.com,59,Mississauga,2023-08-03,True
946,Name945,Surname945,user945@example.com,39,Toronto,2023-08-04,False
947,Name946,Surname946,user946@example.com,38,Scarborough,2023-08-05,True
948,Name947,Surname947,user947@example.com,23,Brampton,2023-08-06,False
949,Name948,Surname948,user948@example.com,18,Scarborough,2023-08-07,False
950,Name949,Surname949,user949@example.com,22,Brampton,2023-08-08,False
951,Name950,Surname950,user950@example.com,58,Mississauga,2023-08-09,False
952,Name951,Surname951,user951@example.com,29,Toronto,2023-08-10,True
953,Name952,Surname952,user952@example.com,43,Scarborough,2023-08-11,False
954,Name953,Surname953,user953@example.com,63,Toronto,2023-08-12,False
955,Name954,Surname954,user954@example.com,51,Brampton,2023-08-13,True
956,Name955,Surname955,user955@example.com,66,Toronto,2023-08-14,False
957,Name956,Surname956,user956@example.com,31,Toronto,2023-08-15,True
958,Name957,Surname957,user957@example.com,43,Scarborough,2023-08-16,False
959,Name958,Surname958,user958@example.com,62,Mississauga,2023-08-17,False
960,Name959,Surname959,user959@example.com,44,Toronto,2023-08-18,False
961,Name960,Surname960,user960@example.com,26,Mississauga,2023-08-19,True
962,Name961,Surname961,user961@example.com,43,Brampton,2023-08-20,False
963,Name962,Surname962,user962@example.com,64,Toronto,2023-08-21,False
964,Name963,Surname963,user963@example.com,39,Scarborough,2023-08-22,False
965,Name964,Surname964,user964@example.com,64,Brampton,2023-08-23,True
966,Name965,Surname965,user965@example.com,47,Brampton,2023-08-24,True
967,Name966,Surname966,user966@example.com,60,Scarborough,2023-08-25,False
968,Name967,Surname967,user967@example.com,65,Toronto,2023-08-26,True
969,Name968,Surname968,user968@example.com,34,Toronto,2023-08-27,False
970,Name969,Surname969,user969@example.com,43,Brampton,2023-08-28,False
971,Name970,Surname970,user970@example.com,53,Toronto,2023-08-29,False
972,Name971,Surname971,user971@example.com,18,Mississauga,2023-08-30,False
973,Name972,Surname972,user972@example.com,25,Scarborough,2023-08-31,False
974,Name973,Surname973,user973@example.com,66,Mississauga,2023-09-01,False
975,Name974,Surname974,user974@example.com,52,Toronto,2023-09-02,False
976,Name975,Surname975,user975@example.com,69,Brampton,2023-09-03,True
977,Name976,Surname976,user976@example.com,32,Scarborough,2023-09-04,True
978,Name977,Surname977,user977@example.com,64,Toronto,2023-09-05,True
979,Name978,Surname978,user978@example.com,39,Toronto,2023-09-06,True
980,Name979,Surname979,user979@example.com,31,Brampton,2023-09-07,True
981,Name980,Surname980,user980@example.com,43,Brampton,2023-09-08,True
982,Name981,Surname981,user981@example.com,45,Mississauga,2023-09-09,True
983,Name982,Surname982,user982@example.com,40,Scarborough,2023-09-10,False
984,Name983,Surname983,user983@example.com,31,Scarborough,2023-09-11,False
985,Name984,Surname984,user984@example.com,41,Brampton,2023-09-12,False
986,Name985,Surname985,user985@example.com,19,Mississauga,2023-09-13,False
987,Name986,Surname986,user986@example.com,62,Scarborough,2023-09-14,True
988,Name987,Surname987,user987@example.com,43,Brampton,2023-09-15,True
989,Name988,Surname988,user988@example.com,31,Toronto,2023-09-16,False
990,Name989,Surname989,user989@example.com,68,Scarborough,2023-09-17,False
991,Name990,Surname990,user990@example.com,24,Mississauga,2023-09-18,True
992,Name991,Surname991,user991@example.com,20,Mississauga,2023-09-19,False
993,Name992,Surname992,user992@example.com,64,Mississauga,2023-09-20,False
994,Name993,Surname993,user993@example.com,40,Toronto,2023-09-21,False
995,Name994,Surname994,user994@example.com,63,Scarborough,2023-09-22,False
996,Name995,Surname995,user995@example.com,60,Scarborough,2023-09-23,True
997,Name996,Surname996,user996@example.com,64,Toronto,2023-09-24,False
998,Name997,Surname997,user997@example.com,62,Scarborough,2023-09-25,False
999,Name998,Surname998,user998@example.com,35,Toronto,2023-09-26,True
1000,Name999,Surname999,user999@example.com,55,Toronto,2023-09-27,True
